עובד,תפקיד
נועם לוי,"מנהל, אחראי משמרת"
איתי כהן,"מנהל, אחראי משמרת"
אורי מזרחי,"מנהל, אחראי משמרת"
אריאל פרץ,"מנהל, אחראי משמרת"
יוסף אברהם,"מנהל, אחראי משמרת"
דוד ביטון,"מנהל, אחראי משמרת"
יהונתן דהן,"מנהל, אחראי משמרת"
לביא אדרי,"מנהל, אחראי משמרת"
דניאל מלכה,"מנהל, אחראי משמרת"
משה אזולאי,"מנהל, אחראי משמרת"
איתן חדד,אחראי משמרת
עומר גבאי,אחראי משמרת
רפאל יצחק,אחראי משמרת
עמית אוחנה,אחראי משמרת
אראל מור,אחראי משמרת
ינאי שלום,אחראי משמרת
נהוראי שור,אחראי משמרת
יואב חזן,אחראי משמרת
עידו גולן,אחראי משמרת
איתמר כץ,אחראי משמרת
אביב סוויסה,אחראי משמרת
אלון פרידמן,אחראי משמרת
איליי עמר,אחראי משמרת
הראל גואטה,אחראי משמרת
יאיר וייס,אחראי משמרת
מלאכי שפירא,אחראי משמרת
רועי שגיא,אחראי משמרת
אופק אשכנזי,אחראי משמרת
יהודה דיין,אחראי משמרת
עילאי נחום,אחראי משמרת
שחר ברוך,אחראי משמרת
מעיין חמו,אחראי משמרת
גיא שמש,אחראי משמרת
דור הראל,אחראי משמרת
ניר אליאס,אחראי משמרת
רון גרון,אחראי משמרת
שי רחמים,אחראי משמרת
בר אוחיון,אחראי משמרת
גלעד צור,אחראי משמרת
מתן בן דוד,אחראי משמרת
אורן שדה,w
אביתר דגן,w
אמיר רוזן,w
יונתן ברק,w
יובל נגר,w
גל מאור,w
תומר סימון,w
דורון גולדהירש,w
נדב אלון,w
שלומי וקנין,w
רן ברנר,w
אסף גלזר,w
יגאל צדקה,w
מאור חביב,w
אלדד כהן,w
רותם מנו,w
עדי עובדיה,w
אופיר רוט,w
ליאור פז,w
יניב תורג'מן,w
בועז קליין,w
ארז ברנע,w
עמיחי שוורץ,w
זיו לפיד,w
ירון ארז,w
אוהד סלע,w
שגיא הלוי,w
לירון יוסף,w
אביחי מועלם,w
ישי בנאי,w
יחיאל קדוש,w
אברהם שטרן,w
בנימין זאב,w
אהרון בר,w
נחום צבי,w
דב לוין,w
גבריאל חסון,w
שמואל רבינוביץ',w
חיים דור,w
נתי רז,w
חגי עציון,w
אליהו סעדון,w
יחזקאל אמסלם,w
יואל גל,w
גרשון רובינשטיין,w
ברוך מרקוס,w
מנחם פינחס,w
צדוק עמר,w
עזרא ימין,w
רחמים נחמיאס,w
ניסים בן שמואל,w
אליעזר הופמן,w
חנוך פלדמן,w
יוסף חיים מור,w
שמעון קסלר,w
מיכאל אביבי,w
אבנר חן,w
שרגא אור,w
יצחק רגב,w
ישראל ישראלי,w